text,words
"Explain how quantum computing can revolutionize modern cryptography, focusing on its impact on security protocols and encryption methods.","quantum computing, modern cryptography, security protocols, encryption methods"
"Discuss the role of artificial intelligence in healthcare, particularly in diagnosing diseases and improving patient outcomes through personalized treatments.","artificial intelligence, healthcare, diagnosis, diseases, improving, personalized treatments"
How can blockchain technology enhance supply chain transparency and efficiency for global logistics networks?,"blockchain, technology, chain transparency, efficiency, global logistics networks"
"What challenges does machine learning face when applied to large-scale real-world datasets, and how can these be addressed?","machine learning, challenges, large-scale, real-world datasets"
Describe the potential impact of autonomous vehicles on reducing traffic congestion and improving road safety.,"impact, autonomous vehicles, reducing traffic congestion, improving road safety"
How will the Internet of Things (IoT) shape the future of smart cities and urban development?,"internet of things, smart cities, urban development, future"
Can edge computing help overcome the latency challenges of cloud computing in real-time applications?,"edge computing, latency challgnes, cloud computing, real-time apps"
What role do 5G networks play in enabling the next generation of mobile applications and connectivity?,"5G networks, next generation, mobile apps, connectivity"
Explain how cybersecurity threats evolve in an increasingly connected world and what solutions can mitigate these risks.,"cybersecurity threats, risks"
What ethical concerns arise with the development and deployment of facial recognition technology?,"ethical concerns, development, deployment, facial recognition, technology"
"Discuss the potential of CRISPR gene editing for treating genetic disorders, and explore the associated ethical implications.","CRISPR gene editing, treating genetic disorders, ethical implications"
Discuss the impact of climate change on global biodiversity and ecosystem stability.,"climate change, global biodiversity, ecosystem stability"
Explain the mechanism of action of CRISPR-Cas9 in gene editing and its potential applications.,"mechanism, CRISPR-Cas9, gene eciting, applications"
Analyze the effects of microplastics on marine life and food chains.,"microplastics, marine life, food chains"
Describe the role of gut microbiota in human health and disease.,"gut microbiota, human health and disease"
How do vaccines stimulate the immune system to protect against infectious diseases?,"vaccines, stimulate, immune system, infectious diseases"
Explore the principles of quantum entanglement and its implications for quantum computing.,"quantum entanglement, implications, quantum computing"
Discuss the significance of dark matter and dark energy in the universe.,"dark matter, dark energy, universe"
Explain how machine learning algorithms are used in predicting disease outbreaks.,"machine learning, algorithms, prediction, disease outbreaks"
What are the challenges and benefits of using stem cells for regenerative medicine?,"challenges, benefits, stem cells, regenerative medicine"
Describe the process of photosynthesis and its importance in the carbon cycle.,"photosyntehsis, importance, carbon cycle"
Analyze the effects of heavy metal pollution on aquatic ecosystems.,"heavy metal pollution, aquatic ecosystems"
Discuss the role of genetic mutations in cancer development and progression.,"genetic mutations, cancer development, progression"
Explain the principles of the scientific method and its importance in research.,"principles, scientific method, importance, research"
Describe the mechanisms of antibiotic resistance in bacterial pathogens.,"mechanisms, antibiotic resistance, bacterial pathogens"
What are the ethical considerations in conducting clinical trials on human subjects?,"ethical considerations, clinical trials, human subjects"
Explore the impact of artificial intelligence on drug discovery and development.,"impact, artificial intelligence, drug discovery, development"
Discuss the significance of the Human Genome Project and its implications for genetics.,"significance, Human Genome Project, implications, genetics"
Explain the physiological effects of exercise on the cardiovascular system.,"physiological effects, exercise, cardiovascular system"
How does the greenhouse effect contribute to global warming?,"greenhouse effect, global warming"
Discuss the potential of renewable energy sources in combating climate change.,"renewable energy sources, combating climate change"
Analyze the relationship between air pollution and respiratory diseases.,"relationship, air pollution, respiratory diseases"
Describe the role of neurotransmitters in mental health and neurological disorders.,"neurotransmitters, mental health, neurological disorders"
Explain the process of protein synthesis and its significance in cellular function.,"protein synthesis, significance, cellular function"
Discuss the impact of deforestation on carbon sequestration and climate regulation.,"impact, deforestation, carbon sequestration, climate regulation"
Explore the mechanisms of action of monoclonal antibodies in cancer therapy.,"mechanisms, action, monoclonal antibodies, cancer therapy"
What are the implications of gene therapy for treating genetic disorders?,"implications, gene therapy, treating genetic disorders"
Discuss the role of bioinformatics in analyzing large-scale biological data.,"bioinformatics, analyzing, large-scale biological data"
Explain how isotopes are used in radiometric dating and geological studies.,"isotopes, radiometric dating, geological studies"
Describe the factors influencing the spread of infectious diseases in populations.,"factors, spread of infectious diseases, opulations"
Analyze the impact of agricultural practices on soil health and food security,"impact, agricultural practices, soil health, food security"
Discuss the significance of biodiversity hotspots in conservation efforts.,"significance, biodiversity, hotspots conservation"
Explain the role of enzymes in biochemical reactions and metabolic pathways.,"enzymes, biochemical reactions, metabolic pathways"
How do hormones regulate physiological processes in the human body?,"hormones, regulate, physiological processes, human body"
Explore the challenges of integrating renewable energy into existing power grids.,"challenges, integrating, renewable energy, existing power grids"
Discuss the effects of global warming on ocean circulation and climate patterns.,"effects, global warming, ocean circulation, climate patterns"
Explain the principles of evolutionary biology and natural selection.,"principles, evolutionary biology, natural selection"
Analyze the impact of climate change on agricultural productivity and food systems.,"impact, climate change, agricultural productivity, food systems"
Discuss the mechanisms of action of antiretroviral drugs in HIV treatment.,"mechanisms, antiretroviral drugs, HIV treatment"
Explain how neural networks function in artificial intelligence and machine learning.,"neural networks, aritificialintelligence, machine learning"
Describe the potential health risks associated with exposure to environmental toxins.,"potential health risks, exposure, environmental toxins"
Discuss the role of natural selection in shaping the diversity of life on Earth.,"natural selection, diversity of life, Earth"
Explain the significance of the carbon cycle in regulating Earth's climate.,"carbon cycle, Earth, climate"
How do phylogenetic trees help in understanding evolutionary relationships among species?,"phylogenetic trees, evolutionary relationships among species"
Discuss the implications of nanotechnology for medicine and material science.,"implications, nanotechnology, medicine, material science"
Explain the process of cellular respiration and its importance in energy production.,"cellular respiration, importance, energy production"
Analyze the role of public health policies in controlling infectious disease outbreaks.,"public health policies, controlling infectous disease outbreaks"
Discuss the importance of ethical considerations in scientific research and innovation.,"ethical considerations, scientific research, innovation"
Explain the mechanisms of action of vaccines in providing immunity against pathogens.,"mechanisms, action of vaccines,immunity against pathogens"
Analyze the impact of climate change on freshwater resources and water availability.,"impact, climate change, freshwater resources, water availability"
Discuss the relationship between genetics and environmental factors in shaping human health.,"relationship, genetics, environmental factors, human health"
